iteration,objective_before,objective_after,stressed_before,stressed_after,converged
1,111.72262402843232,98.87981558842625,13,11,False
2,98.87981558842625,80.29480349273811,11,10,False
3,80.29480349273811,78.01032219364723,10,9,False
4,78.01032219364723,78.01032219364723,9,9,True
